,observations,mean,sd,min,max
ate_true,100,2.4610964369773867,0.15709398666720636,1.9975080490112305,2.8429391384124756
ate_biased,100,9.36538170337677,0.6164755424644243,7.300717353820801,10.842268943786621
msn,100,149.4,20.314695879753373,109,228
