,observations,mean,sd,min,max
ate_true,100,2.4740535616874695,0.13687893406373214,2.1011905670166016,2.7864913940429688
ate_biased,100,50.77286855697632,10.388778057583899,30.064023971557617,84.83255767822266
msn,100,147.99,16.768473907058958,113,202
