school_id,treat,n_students,enum_uniqueid,enum_name,mean_length
6,1,71,6-2,BSLY,14.227286
27,0,63,27-1,QZWM,14.441227
5,0,78,5-1,RNQO,14.513694
16,1,69,16-2,RXHF,14.552658
97,1,71,97-1,FKIP,14.584315
100,1,69,100-3,MERG,14.770986
